code,city
PGD,"Punta Gorda, FL"
EWN,"New Bern/Morehead/Beaufort, NC"
ABQ,"Albuquerque, NM"
PIT,"Pittsburgh, PA"
LAX,"Los Angeles, CA"
OAK,"Oakland, CA"
SFO,"San Francisco, CA"
DTW,"Detroit, MI"
DEN,"Denver, CO"
SLC,"Salt Lake City, UT"
BUR,"Burbank, CA"
KOA,"Kona, HI"
ATL,"Atlanta, GA"
JFK,"New York, NY"
SAV,"Savannah, GA"
PHX,"Phoenix, AZ"
CLT,"Charlotte, NC"
SBN,"South Bend, IN"
FLL,"Fort Lauderdale, FL"
DFW,"Dallas/Fort Worth, TX"
ORD,"Chicago, IL"
DCA,"Washington, DC"
BWI,"Baltimore, MD"
CRW,"Charleston/Dunbar, WV"
MKE,"Milwaukee, WI"
PHL,"Philadelphia, PA"
CHS,"Charleston, SC"
MSY,"New Orleans, LA"
MIA,"Miami, FL"
LAS,"Las Vegas, NV"
CMH,"Columbus, OH"
MCI,"Kansas City, MO"
SJC,"San Jose, CA"
MSP,"Minneapolis, MN"
ROC,"Rochester, NY"
SEA,"Seattle, WA"
STL,"St. Louis, MO"
IAH,"Houston, TX"
EWR,"Newark, NJ"
IND,"Indianapolis, IN"
IAD,"Washington, DC"
SAN,"San Diego, CA"
AUS,"Austin, TX"
MLB,"Melbourne, FL"
LGA,"New York, NY"
PDX,"Portland, OR"
HOU,"Houston, TX"
TPA,"Tampa, FL"
FAR,"Fargo, ND"
CAK,"Akron, OH"
RIC,"Richmond, VA"
PIE,"St. Petersburg, FL"
CVG,"Cincinnati, OH"
MSN,"Madison, WI"
BOS,"Boston, MA"
SNA,"Santa Ana, CA"
BNA,"Nashville, TN"
BLI,"Bellingham, WA"
PVD,"Providence, RI"
TUS,"Tucson, AZ"
ELP,"El Paso, TX"
VEL,"Vernal, UT"
MEI,"Meridian, MS"
SMF,"Sacramento, CA"
GEG,"Spokane, WA"
YUM,"Yuma, AZ"
CLE,"Cleveland, OH"
HPN,"White Plains, NY"
DAL,"Dallas, TX"
BUF,"Buffalo, NY"
MLI,"Moline, IL"
RDU,"Raleigh/Durham, NC"
HSV,"Huntsville, AL"
MCO,"Orlando, FL"
GRR,"Grand Rapids, MI"
RAP,"Rapid City, SD"
COU,"Columbia, MO"
TUL,"Tulsa, OK"
JAX,"Jacksonville, FL"
MDW,"Chicago, IL"
ANC,"Anchorage, AK"
ICT,"Wichita, KS"
IDA,"Idaho Falls, ID"
JAC,"Jackson, WY"
SRQ,"Sarasota/Bradenton, FL"
LBB,"Lubbock, TX"
HRL,"Harlingen/San Benito, TX"
PIA,"Peoria, IL"
JST,"Johnstown, PA"
MLU,"Monroe, LA"
SJU,"San Juan, PR"
EAR,"Kearney, NE"
EYW,"Key West, FL"
VPS,"Valparaiso, FL"
SDF,"Louisville, KY"
ORF,"Norfolk, VA"
FLG,"Flagstaff, AZ"
BMI,"Bloomington/Normal, IL"
EVV,"Evansville, IN"
SAT,"San Antonio, TX"
APN,"Alpena, MI"
MHT,"Manchester, NH"
DSM,"Des Moines, IA"
HNL,"Honolulu, HI"
PSP,"Palm Springs, CA"
OMA,"Omaha, NE"
AZA,"Phoenix, AZ"
CRP,"Corpus Christi, TX"
BDL,"Hartford, CT"
OGG,"Kahului, HI"
SYR,"Syracuse, NY"
MEM,"Memphis, TN"
PWM,"Portland, ME"
MAF,"Midland/Odessa, TX"
DAY,"Dayton, OH"
SGF,"Springfield, MO"
IMT,"Iron Mountain/Kingsfd, MI"
MOB,"Mobile, AL"
ASE,"Aspen, CO"
ONT,"Ontario, CA"
BTR,"Baton Rouge, LA"
OKC,"Oklahoma City, OK"
PNS,"Pensacola, FL"
PBI,"West Palm Beach/Palm Beach, FL"
FAT,"Fresno, CA"
JNU,"Juneau, AK"
ORH,"Worcester, MA"
BHM,"Birmingham, AL"
ALB,"Albany, NY"
LIT,"Little Rock, AR"
ILM,"Wilmington, NC"
ACV,"Arcata/Eureka, CA"
FAI,"Fairbanks, AK"
AMA,"Amarillo, TX"
CAE,"Columbia, SC"
FWA,"Fort Wayne, IN"
MTJ,"Montrose/Delta, CO"
CID,"Cedar Rapids/Iowa City, IA"
MDT,"Harrisburg, PA"
JAN,"Jackson/Vicksburg, MS"
SAF,"Santa Fe, NM"
CMI,"Champaign/Urbana, IL"
ISP,"Islip, NY"
BTV,"Burlington, VT"
BZN,"Bozeman, MT"
ATW,"Appleton, WI"
GPT,"Gulfport/Biloxi, MS"
TRI,"Bristol/Johnson City/Kingsport, TN"
MFR,"Medford, OR"
BGR,"Bangor, ME"
GSO,"Greensboro/High Point, NC"
STX,"Christiansted, VI"
LGB,"Long Beach, CA"
CHA,"Chattanooga, TN"
COS,"Colorado Springs, CO"
GTF,"Great Falls, MT"
MYR,"Myrtle Beach, SC"
PSC,"Pasco/Kennewick/Richland, WA"
SBA,"Santa Barbara, CA"
XNA,"Fayetteville, AR"
PAE,"Everett, WA"
AVL,"Asheville, NC"
RNO,"Reno, NV"
ABY,"Albany, GA"
TLH,"Tallahassee, FL"
GRB,"Green Bay, WI"
PUW,"Pullman, WA"
LEX,"Lexington, KY"
TYS,"Knoxville, TN"
SFB,"Sanford, FL"
DHN,"Dothan, AL"
GSP,"Greer, SC"
RSW,"Fort Myers, FL"
GNV,"Gainesville, FL"
MOT,"Minot, ND"
GGG,"Longview, TX"
PVU,"Provo, UT"
RFD,"Rockford, IL"
FSM,"Fort Smith, AR"
RDM,"Bend/Redmond, OR"
EUG,"Eugene, OR"
FSD,"Sioux Falls, SD"
IAG,"Niagara Falls, NY"
TVC,"Traverse City, MI"
SBP,"San Luis Obispo, CA"
SGU,"St. George, UT"
AKN,"King Salmon, AK"
BIL,"Billings, MT"
ABE,"Allentown/Bethlehem/Easton, PA"
BJI,"Bemidji, MN"
PLN,"Pellston, MI"
ECP,"Panama City, FL"
DAB,"Daytona Beach, FL"
TTN,"Trenton, NJ"
AGS,"Augusta, GA"
MSO,"Missoula, MT"
ACY,"Atlantic City, NJ"
DIK,"Dickinson, ND"
HHH,"Hilton Head, SC"
BOI,"Boise, ID"
BRO,"Brownsville, TX"
CIU,"Sault Ste. Marie, MI"
BQN,"Aguadilla, PR"
FCA,"Kalispell, MT"
LAN,"Lansing, MI"
DRT,"Del Rio, TX"
GUM,"Guam, TT"
SJT,"San Angelo, TX"
BIS,"Bismarck/Mandan, ND"
LRD,"Laredo, TX"
EGE,"Eagle, CO"
LFT,"Lafayette, LA"
AEX,"Alexandria, LA"
AZO,"Kalamazoo, MI"
MHK,"Manhattan/Ft. Riley, KS"
LBE,"Latrobe, PA"
MFE,"Mission/McAllen/Edinburg, TX"
GJT,"Grand Junction, CO"
RDD,"Redding, CA"
GRK,"Killeen, TX"
BFF,"Scottsbluff, NE"
PSM,"Portsmouth, NH"
BFL,"Bakersfield, CA"
HLN,"Helena, MT"
CKB,"Clarksburg/Fairmont, WV"
GUC,"Gunnison, CO"
OGS,"Ogdensburg, NY"
GFK,"Grand Forks, ND"
HYA,"Hyannis, MA"
ABR,"Aberdeen, SD"
BLV,"Belleville, IL"
TXK,"Texarkana, AR"
CSG,"Columbus, GA"
ITO,"Hilo, HI"
SPS,"Wichita Falls, TX"
LIH,"Lihue, HI"
SCE,"State College, PA"
STS,"Santa Rosa, CA"
SWO,"Stillwater, OK"
DLH,"Duluth, MN"
CYS,"Cheyenne, WY"
STT,"Charlotte Amalie, VI"
LCK,"Columbus, OH"
OAJ,"Jacksonville/Camp Lejeune, NC"
MQT,"Marquette, MI"
ABI,"Abilene, TX"
HDN,"Hayden, CO"
LAR,"Laramie, WY"
MRY,"Monterey, CA"
DRO,"Durango, CO"
LCH,"Lake Charles, LA"
PIB,"Hattiesburg/Laurel, MS"
SUX,"Sioux City, IA"
JMS,"Jamestown, ND"
HIB,"Hibbing, MN"
HVN,"New Haven, CT"
BGM,"Binghamton, NY"
CGI,"Cape Girardeau, MO"
DDC,"Dodge City, KS"
SCK,"Stockton, CA"
SWF,"Newburgh/Poughkeepsie, NY"
SHV,"Shreveport, LA"
LSE,"La Crosse, WI"
ACT,"Waco, TX"
ROW,"Roswell, NM"
FNT,"Flint, MI"
SIT,"Sitka, AK"
HYS,"Hays, KS"
GTR,"Columbus, MS"
LYH,"Lynchburg, VA"
AVP,"Scranton/Wilkes-Barre, PA"
PBG,"Plattsburgh, NY"
RST,"Rochester, MN"
SUN,"Sun Valley/Hailey/Ketchum, ID"
SLN,"Salina, KS"
CNY,"Moab, UT"
MGM,"Montgomery, AL"
FAY,"Fayetteville, NC"
KTN,"Ketchikan, AK"
YAK,"Yakutat, AK"
GCK,"Garden City, KS"
OTZ,"Kotzebue, AK"
TBN,"Fort Leonard Wood, MO"
USA,"Concord, NC"
LWB,"Lewisburg, WV"
CHO,"Charlottesville, VA"
BQK,"Brunswick, GA"
LBL,"Liberal, KS"
SPI,"Springfield, IL"
FOD,"Fort Dodge, IA"
MKG,"Muskegon, MI"
ACK,"Nantucket, MA"
MBS,"Saginaw/Bay City/Midland, MI"
JLN,"Joplin, MO"
SHD,"Staunton, VA"
BPT,"Beaumont/Port Arthur, TX"
PSG,"Petersburg, AK"
PAH,"Paducah, KY"
BET,"Bethel, AK"
INL,"International Falls, MN"
OME,"Nome, AK"
LNK,"Lincoln, NE"
CDV,"Cordova, AK"
ROA,"Roanoke, VA"
EAT,"Wenatchee, WA"
MCW,"Mason City, IA"
TWF,"Twin Falls, ID"
VLD,"Valdosta, GA"
EKO,"Elko, NV"
OTH,"North Bend/Coos Bay, OR"
TOL,"Toledo, OH"
CWA,"Mosinee, WI"
CLL,"College Station/Bryan, TX"
CPR,"Casper, WY"
SHR,"Sheridan, WY"
ADQ,"Kodiak, AK"
LWS,"Lewiston, ID"
PHF,"Newport News/Williamsburg, VA"
RIW,"Riverton/Lander, WY"
ALO,"Waterloo, IA"
PRC,"Prescott, AZ"
PSE,"Ponce, PR"
SCC,"Deadhorse, AK"
BRD,"Brainerd, MN"
BRW,"Barrow, AK"
CMX,"Hancock/Houghton, MI"
MVY,"Martha's Vineyard, MA"
SMX,"Santa Maria, CA"
HTS,"Ashland, WV"
LBF,"North Platte, NE"
ELM,"Elmira/Corning, NY"
ESC,"Escanaba, MI"
DVL,"Devils Lake, ND"
STC,"St. Cloud, MN"
RHI,"Rhinelander, WI"
PIR,"Pierre, SD"
WRG,"Wrangell, AK"
OGD,"Ogden, UT"
TYR,"Tyler, TX"
DLG,"Dillingham, AK"
ATY,"Watertown, SD"
XWA,"Williston, ND"
VCT,"Victoria, TX"
EAU,"Eau Claire, WI"
ITH,"Ithaca/Cortland, NY"
CDC,"Cedar City, UT"
WYS,"West Yellowstone, MT"
SPN,"Saipan, TT"
PIH,"Pocatello, ID"
GRI,"Grand Island, NE"
BTM,"Butte, MT"
DBQ,"Dubuque, IA"
HGR,"Hagerstown, MD"
ART,"Watertown, NY"
HOB,"Hobbs, NM"
DEC,"Decatur, IL"
ISN,"Williston, ND"
ERI,"Erie, PA"
GCC,"Gillette, WY"
LAW,"Lawton/Fort Sill, OK"
COD,"Cody, WY"
YKM,"Yakima, WA"
RKS,"Rock Springs, WY"
UIN,"Quincy, IL"
BKG,"Branson, MO"
ALW,"Walla Walla, WA"
PUB,"Pueblo, CO"
MMH,"Mammoth Lakes, CA"
GST,"Gustavus, AK"
ADK,"Adak Island, AK"
ALS,"Alamosa, CO"
ILG,"Wilmington, DE"
BIH,"Bishop, CA"
OWB,"Owensboro, KY"
PGV,"Greenville, NC"
CDB,"Cold Bay, AK"
PPG,"Pago Pago, TT"
BFM,"Mobile, AL"
